{
    "loss": 69.04832458496094,
    "accuracy": 0.970588207244873
}